matchup,venue,kickoff,lat,lon,kickoff_iso,roof,temp_f,wind_mph,wind_gust_mph,wind_dir,precip_type,precip_pct,note,precip_in
San Jose State at Eastern Michigan,"Ypsilanti, MI",6:30p,42.24,-83.62,2026-09-04T18:00,,,,,,,,,
UTEP at Oklahoma,"Norman, OK",8:00p,35.22,-97.44,2026-09-04T20:00,,,,,,,,,
Toledo at Michigan State,"East Lansing, MI",8:00p,42.73,-84.48,2026-09-04T20:00,,,,,,,,,
Miami at Stanford,"Stanford, CA",9:00p,37.43,-122.17,2026-09-04T21:00,,,,,,,,,
East Carolina at Alabama,"Tuscaloosa, AL",12:00p,33.21,-87.57,2026-09-05T12:00,,,,,,,,"host cited 110F on air (heat-index framing, not air temp)",
North Texas at Indiana,"Bloomington, IN",12:00p,39.17,-86.52,2026-09-05T12:00,,,,,,,,,
Liberty at James Madison,"Harrisonburg, VA",12:00p,38.45,-78.87,2026-09-05T12:00,,,,,,,,,
Coastal Carolina at West Virginia,"Morgantown, WV",12:00p,39.63,-79.95,2026-09-05T12:00,,,,,,,,,
Miami OH at Pittsburgh,"Pittsburgh, PA",12:30p,40.44,-79.99,2026-09-05T12:00,,,,,,,,,
Ball State at Ohio State,"Columbus, OH",12:30p,40.00,-83.02,2026-09-05T12:00,,,,,,,,,
Kent State at South Carolina,"Columbia, SC",12:45p,34.00,-81.03,2026-09-05T12:00,,,,,,,,,
Tennessee State at Georgia,"Athens, GA",3:00p,33.95,-83.38,2026-09-05T15:00,,,,,,,,,
Boise State at Oregon,"Eugene, OR",3:30p,44.06,-123.07,2026-09-05T15:00,,,,,,,,,
Baylor vs Auburn (Atlanta),"Mercedes-Benz Stadium, Atlanta",3:30p,33.76,-84.40,2026-09-05T15:00,indoor,,,,,,,Mercedes-Benz Stadium,
Boston College at Cincinnati,"Cincinnati, OH",3:30p,39.10,-84.51,2026-09-05T15:00,,,,,,,,,
Texas State at Texas,"Austin, TX",3:30p,30.28,-97.74,2026-09-05T15:00,,,,,,,,,
Marshall at Penn State,"University Park, PA",3:30p,40.80,-77.86,2026-09-05T15:00,,,,,,,,,
Furman at Tennessee,"Knoxville, TN",3:30p,35.96,-83.92,2026-09-05T15:00,,,,,,,,,
Tulane at Duke,"Durham, NC",3:30p,35.99,-78.90,2026-09-05T15:00,,,,,,,,,
Oklahoma State at Tulsa,"Tulsa, OK",3:45p,36.15,-95.99,2026-09-05T15:00,,,,,,,,,
North Alabama at Arkansas,"Fayetteville, AR",4:15p,36.07,-94.17,2026-09-05T16:00,,,,,,,,,
Wyoming at Colorado State,"Fort Collins, CO",6:00p,40.57,-105.08,2026-09-05T18:00,,,,,,,,"host cited wind 10mph, called it a non-factor",
Arkansas State at Memphis,"Memphis, TN",7:00p,35.15,-90.05,2026-09-05T19:00,,,,,,,,,
FIU at South Florida,"Tampa, FL",7:00p,27.95,-82.46,2026-09-05T19:00,,,,,,,,,
Eastern Kentucky at Jacksonville State,"Jacksonville, AL",7:00p,33.82,-85.76,2026-09-05T19:00,,,,,,,,,
Clemson at LSU,"Baton Rouge, LA",7:30p,30.45,-91.19,2026-09-05T19:00,,,,,,,,,
Western Michigan at Michigan,"Ann Arbor, MI",7:30p,42.28,-83.74,2026-09-05T19:00,,,,,,,,,
Louisiana-Monroe at Mississippi State,"Starkville, MS",7:30p,33.45,-88.82,2026-09-05T19:00,,,,,,,,,
South Dakota State at Northwestern,"Evanston, IL",8:00p,42.05,-87.69,2026-09-05T20:00,,,,,,,,,
Portland State at San Diego State,"San Diego, CA",9:30p,32.72,-117.16,2026-09-05T21:00,,,,,,,,,
Central Michigan at New Mexico,"Albuquerque, NM",10:00p,35.08,-106.65,2026-09-05T22:00,,,,,,,,,
UCLA at California,"Berkeley, CA",10:30p,37.87,-122.27,2026-09-05T22:00,,,,,,,,,
Western Kentucky at Nevada,"Reno, NV",10:30p,39.53,-119.81,2026-09-05T22:00,,,,,,,,,
Towson at Navy,"Annapolis, MD",—,38.98,-76.49,2026-09-05T19:00,,,,,,,,kickoff unconfirmed; forecast sampled at 7p ET,
Lafayette at UConn,"East Hartford, CT",—,41.78,-72.65,2026-09-05T19:00,,,,,,,,kickoff unconfirmed; forecast sampled at 7p ET,
Washington State at Washington,"Seattle, WA",4:00p,47.61,-122.33,2026-09-06T16:00,,,,,,,,,
Louisville vs Ole Miss (Nashville),"Nashville, TN",7:30p,36.17,-86.77,2026-09-06T19:00,,,,,,,,,
Wisconsin vs Notre Dame (Lambeau),"Green Bay, WI",7:30p,44.50,-88.06,2026-09-06T19:00,,,,,,,,,
SMU at Florida State,"Tallahassee, FL",7:30p,30.44,-84.28,2026-09-07T19:00,,,,,,,,,
Rutgers at Boston College,"Chestnut Hill, MA",7:30p,42.34,-71.17,2026-09-11T19:00,,,,,,,,,
Missouri at Kansas,"Lawrence, KS",8:00p,38.96,-95.25,2026-09-11T19:00,,,,,,,,,
Oklahoma at Michigan,"Ann Arbor, MI",12:00p,42.27,-83.75,2026-09-12T12:00,,,,,,,,,
Old Dominion at Virginia Tech,"Blacksburg, VA",12:00p,37.22,-80.42,2026-09-12T12:00,,,,,,,,,
Washington State at Kansas State,"Manhattan, KS",12:00p,39.2,-96.59,2026-09-12T11:00,,,,,,,,,
Arizona State at Texas A&M,"College Station, TX",12:00p,30.61,-96.34,2026-09-12T11:00,,,,,,,,,
App State at East Carolina,"Greenville, NC",12:00p,35.6,-77.36,2026-09-12T12:00,,,,,,,,,
Penn State at Temple,"Philadelphia, PA",12:00p,39.9,-75.17,2026-09-12T12:00,,,,,,,,,
Wake Forest at Purdue,"West Lafayette, IN",12:00p,40.44,-86.92,2026-09-12T12:00,,,,,,,,,
Wofford at Kent State,"Kent, OH",12:00p,41.14,-81.31,2026-09-12T12:00,,,,,,,,,
Oregon at Oklahoma State,"Stillwater, OK",12:00p,36.13,-97.07,2026-09-12T11:00,,,,,,,,,
South Florida at Army,"West Point, NY",12:00p,41.39,-73.96,2026-09-12T12:00,,,,,,,,,
UTSA at Texas State,"San Marcos, TX",3:30p,29.89,-97.93,2026-09-12T14:00,,,,,,,,,
Rice at Notre Dame,"Notre Dame, IN",3:30p,41.7,-86.23,2026-09-12T15:00,,,,,,,,,
Mississippi State at Minnesota,"Minneapolis, MN",3:30p,44.98,-93.22,2026-09-12T14:00,,,,,,,,,
Maryland at UConn,"East Hartford, CT",3:30p,41.76,-72.62,2026-09-12T15:00,,,,,,,,,
Utah State at Washington,"Seattle, WA",3:30p,47.65,-122.3,2026-09-12T12:00,,,,,,,,,
UCF at Pittsburgh,"Pittsburgh, PA",3:30p,40.45,-80.02,2026-09-12T15:00,,,,,,,,,
Alabama at Kentucky,"Lexington, KY",3:30p,38.02,-84.51,2026-09-12T15:00,,,,,,,,,
Arizona at BYU,"Provo, UT",3:30p,40.26,-111.65,2026-09-12T13:00,,,,,,,,,
Duke at Illinois,"Champaign, IL",3:30p,40.1,-88.24,2026-09-12T14:00,,,,,,,,,
Eastern Michigan at Michigan State,"East Lansing, MI",3:30p,42.73,-84.48,2026-09-12T15:00,,,,,,,,,
California at Syracuse,"Syracuse, NY",3:30p,43.04,-76.14,2026-09-12T15:00,indoor,,,,,,,,
UNLV at North Texas,"Denton, TX",3:45p,33.2,-97.16,2026-09-12T14:00,,,,,,,,,
Delaware at Vanderbilt,"Nashville, TN",4:15p,36.14,-86.81,2026-09-12T15:00,,,,,,,,,
FIU vs Buffalo,"Miami, FL",6:00p,25.75,-80.38,2026-09-12T18:00,,,,,,,,,
Memphis at Boise State,"Boise, ID",6:00p,43.6,-116.2,2026-09-12T16:00,,,,,,,,,
Tulsa at Sam Houston State,"Huntsville, TX",7:00p,30.71,-95.54,2026-09-12T18:00,,,,,,,,,
Bowling Green at Nebraska,"Lincoln, NE",7:00p,40.82,-96.71,2026-09-12T18:00,,,,,,,,,
South Alabama at Tulane,"New Orleans, LA",7:00p,29.94,-90.12,2026-09-12T18:00,,,,,,,,,
Tennessee at Georgia Tech,"Atlanta, GA",7:00p,33.77,-84.39,2026-09-12T19:00,,,,,,,,,
Southern at Houston,"Houston, TX",7:00p,29.72,-95.35,2026-09-12T18:00,,,,,,,,,
Georgia State at Kennesaw State,"Kennesaw, GA",7:00p,34.03,-84.57,2026-09-12T19:00,,,,,,,,,
San Diego State at UCLA,"Pasadena, CA",7:15p,34.16,-118.17,2026-09-12T16:00,,,,,,,,,
Navy at Florida Atlantic,"Boca Raton, FL",7:30p,26.38,-80.1,2026-09-12T19:00,,,,,,,,,
Iowa State at Iowa,"Iowa City, IA",7:30p,41.66,-91.55,2026-09-12T18:00,,,,,,,,,
Ohio State at Texas,"Austin, TX",7:30p,30.28,-97.73,2026-09-12T18:00,,,,,,,,,
Georgia Southern at Clemson,"Clemson, SC",7:30p,34.68,-82.84,2026-09-12T19:00,,,,,,,,,
Louisiana Tech at LSU,"Baton Rouge, LA",7:30p,30.41,-91.18,2026-09-12T18:00,,,,,,,,,
Texas Tech at Oregon State,"Corvallis, OR",7:30p,44.56,-123.28,2026-09-12T16:00,,,,,,,,,
Charlotte at Ole Miss,"Oxford, MS",7:45p,34.36,-89.53,2026-09-12T18:00,,,,,,,,,
Southern Miss at Auburn,"Auburn, AL",7:45p,32.6,-85.49,2026-09-12T18:00,,,,,,,,,
North Dakota State at Air Force,"Colorado Springs, CO",10:00p,39.0,-104.84,2026-09-12T20:00,,,,,,,,,
Arkansas at Utah,"Salt Lake City, UT",10:15p,40.76,-111.85,2026-09-12T20:00,,,,,,,,,
Montana State at Nevada,"Reno, NV",10:30p,39.55,-119.82,2026-09-12T19:00,,,,,,,,,
Sacramento State at Fresno State,"Fresno, CA",10:30p,36.81,-119.76,2026-09-12T19:00,,,,,,,,,
New Mexico State at Hawaii,"Honolulu, HI",11:59p,21.29,-157.82,2026-09-12T17:00,,,,,,,,,
Liberty at Coastal Carolina,"Conway, SC",7:30p,33.79,-79.02,2026-09-24T19:00,,,,,,,,,
Navy at UAB,"Birmingham, AL",7:00p,33.52,-86.8,2026-09-25T18:00,,,,,,,,,
Northwestern at Indiana,"Bloomington, IN",8:00p,39.18,-86.53,2026-09-25T20:00,,,,,,,,,
Clemson at California,"Berkeley, CA",10:30p,37.87,-122.25,2026-09-25T19:00,,,,,,,,,
Colorado State at UTSA,"San Antonio, TX",12:00p,29.42,-98.48,2026-09-26T11:00,retractable or indoor,,,,,,,,
Colorado at Baylor,"Waco, TX",12:00p,31.56,-97.12,2026-09-26T11:00,,,,,,,,,
San Diego State at Toledo,"Toledo, OH",12:00p,41.66,-83.61,2026-09-26T12:00,,,,,,,,,
Texas at Tennessee,"Knoxville, TN",12:00p,35.96,-83.93,2026-09-26T12:00,,,,,,,,,
Virginia Tech at Boston College,"Chestnut Hill, MA",12:00p,42.34,-71.17,2026-09-26T12:00,,,,,,,,,
Wake Forest at Louisville,"Louisville, KY",12:00p,38.21,-85.76,2026-09-26T12:00,,,,,,,,,
UCLA at Maryland,"College Park, MD",1:30p,38.99,-76.95,2026-09-26T13:00,,,,,,,,,
Notre Dame at Purdue,"West Lafayette, IN",2:00p,40.44,-86.92,2026-09-26T14:00,,,,,,,,,
Hawai'i at Wyoming,"Laramie, WY",3:00p,41.31,-105.57,2026-09-26T13:00,,,,,,,,,
Boise State at Western Michigan,"Kalamazoo, MI",3:30p,42.29,-85.6,2026-09-26T15:00,,,,,,,,,
Iowa at Michigan,"Ann Arbor, MI",3:30p,42.27,-83.75,2026-09-26T15:00,,,,,,,,,
Oklahoma at Georgia,"Athens, GA",3:30p,33.95,-83.37,2026-09-26T15:00,,,,,,,,,
Ole Miss at Florida,"Gainesville, FL",3:30p,29.65,-82.35,2026-09-26T15:00,,,,,,,,,
Utah at Iowa State,"Ames, IA",3:30p,42.01,-93.64,2026-09-26T14:00,,,,,,,,,
Houston at Georgia Southern,"Statesboro, GA",4:00p,32.41,-81.78,2026-09-26T16:00,,,,,,,,,
Vanderbilt at Auburn,"Auburn, AL",4:15p,32.6,-85.49,2026-09-26T15:00,,,,,,,,,
Nebraska at Michigan State,"East Lansing, MI",5:00p,42.73,-84.48,2026-09-26T17:00,,,,,,,,,
South Florida at Bowling Green,"Bowling Green, OH",5:00p,41.38,-83.62,2026-09-26T17:00,,,,,,,,,
Wisconsin at Penn State,"University Park, PA",5:00p,40.81,-77.86,2026-09-26T17:00,,,,,,,,,
Central Michigan at Miami,"Miami Gardens, FL",6:30p,25.96,-80.24,2026-09-26T18:00,,,,,,,,,
Louisiana at Charlotte,"Charlotte, NC",6:30p,35.31,-80.74,2026-09-26T18:00,,,,,,,,,
Kennesaw State at Arkansas State,"Jonesboro, AR",7:00p,35.85,-90.67,2026-09-26T18:00,,,,,,,,,
Oklahoma State at West Virginia,"Morgantown, WV",7:00p,39.65,-79.96,2026-09-26T19:00,,,,,,,,,
South Carolina at Alabama,"Tuscaloosa, AL",7:00p,33.21,-87.55,2026-09-26T18:00,,,,,,,,,
App State at NC State,"Raleigh, NC",7:30p,35.8,-78.72,2026-09-26T19:00,,,,,,,,,
Oregon at USC,"Los Angeles, CA",7:30p,34.01,-118.29,2026-09-26T16:00,,,,,,,,,
Texas A&M at LSU,"Baton Rouge, LA",7:30p,30.41,-91.18,2026-09-26T18:00,,,,,,,,,
Troy at Utah State,"Logan, UT",7:30p,41.75,-111.81,2026-09-26T17:00,,,,,,,,,
Missouri at Mississippi State,"Starkville, MS",7:45p,33.46,-88.79,2026-09-26T18:00,,,,,,,,,
Florida Atlantic at UL Monroe,"Monroe, LA",8:00p,32.53,-92.07,2026-09-26T19:00,,,,,,,,,
Tulsa at Arkansas,"Fayetteville, AR",8:00p,36.07,-94.18,2026-09-26T19:00,,,,,,,,,
Massachusetts at Sacramento State,"Sacramento, CA",9:00p,38.56,-121.42,2026-09-26T18:00,,,,,,,,,
Missouri State at SMU,"University Park, TX",9:00p,32.84,-96.78,2026-09-26T20:00,,,,,,,,,
Oregon State at UTEP,"El Paso, TX",9:00p,31.77,-106.51,2026-09-26T19:00,,,,,,,,,
Rice at Fresno State,"Fresno, CA",10:00p,36.81,-119.76,2026-09-26T19:00,,,,,,,,,
Georgia Tech at Stanford,"Stanford, CA",10:30p,37.43,-122.16,2026-09-26T19:00,,,,,,,,,
Minnesota at Washington,"Seattle, WA",11:00p,47.65,-122.3,2026-09-26T20:00,,,,,,,,,
North Texas at Tulsa,"Tulsa, OK",9:00p,36.15,-95.94,2026-10-01T20:00,,,,,,,,,
Liberty at Delaware,"Newark, DE",7:00p,39.66,-75.75,2026-10-02T19:00,,,,,,,,,
Pittsburgh at Virginia Tech,"Blacksburg, VA",7:00p,37.22,-80.42,2026-10-02T19:00,,,,,,,,"both teams' last scoring was rain-suppressed (Cover 3, Bud Elliott)",
Penn State at Northwestern,"Evanston, IL",8:00p,42.07,-87.69,2026-10-02T19:00,,,,,,,,"host says the new field sits below grade with open ends, so wind should not matter (BBOC, Colin Wilson)",
Alabama at Mississippi State,"Starkville, MS",12:00p,33.46,-88.79,2026-10-03T11:00,,,,,,,,,
Boston College at SMU,"University Park, TX",12:00p,32.84,-96.78,2026-10-03T11:00,,,,,,,,,
Michigan at Minnesota,"Minneapolis, MN",12:00p,44.98,-93.22,2026-10-03T11:00,,,,,,,,,
Middle Tennessee at Kansas,"Lawrence, KS",12:00p,38.96,-95.25,2026-10-03T11:00,,,,,,,,,
Navy at Air Force,"Colorado Springs, CO",12:00p,39.00,-104.84,2026-10-03T10:00,,,,,,,,,
Notre Dame at North Carolina,"Chapel Hill, NC",12:00p,35.91,-79.05,2026-10-03T12:00,,,,,,,,"host cited 50% rain all game plus some wind (BBOC, Colin Wilson)",
Stanford at Wake Forest,"Winston-Salem, NC",12:00p,36.13,-80.25,2026-10-03T12:00,,,,,,,,,
Syracuse at UConn,"East Hartford, CT",12:00p,41.76,-72.62,2026-10-03T12:00,,,,,,,,,
Michigan State at Wisconsin,"Madison, WI",12:30p,43.07,-89.41,2026-10-03T11:00,,,,,,,,,
Vanderbilt at Georgia,"Athens, GA",12:45p,33.95,-83.37,2026-10-03T12:00,,,,,,,,"host cited about 50% rain for the entire game (BBOC, Colin Wilson)",
Western Michigan at Buffalo,"Amherst, NY",1:00p,43.00,-78.78,2026-10-03T13:00,,,,,,,,,
Akron at Central Michigan,"Mount Pleasant, MI",3:30p,43.58,-84.77,2026-10-03T15:00,,,,,,,,,
Auburn at Tennessee,"Knoxville, TN",3:30p,35.96,-83.93,2026-10-03T15:00,,,,,,,,,
Bowling Green at Miami (OH),"Oxford, OH",3:30p,39.52,-84.73,2026-10-03T15:00,,,,,,,,,
California at UNLV,"Las Vegas, NV",3:30p,36.09,-115.18,2026-10-03T12:00,retractable or indoor,,,,,,,,
Eastern Michigan at Massachusetts,"Hadley, MA",3:30p,42.38,-72.54,2026-10-03T15:00,,,,,,,,,
Florida at Missouri,"Columbia, MO",3:30p,38.94,-92.33,2026-10-03T14:00,,,,,,,,,
Louisville at NC State,"Raleigh, NC",3:30p,35.80,-78.72,2026-10-03T15:00,,,,,,,,,
Ohio State at Iowa,"Iowa City, IA",3:30p,41.66,-91.55,2026-10-03T14:00,,,,,,,,,
Old Dominion at Georgia State,"Atlanta, GA",3:30p,33.74,-84.39,2026-10-03T15:00,,,,,,,,,
Virginia at Florida State,"Tallahassee, FL",3:30p,30.44,-84.30,2026-10-03T15:00,,,,,,,,,
Wyoming at North Dakota State,"Fargo, ND",3:30p,46.90,-96.80,2026-10-03T14:00,retractable or indoor,,,,,,,,
Marshall at James Madison,"Harrisonburg, VA",3:45p,38.44,-78.87,2026-10-03T15:00,,,,,,,,,
Maryland at Nebraska,"Lincoln, NE",4:00p,40.82,-96.71,2026-10-03T15:00,,,,,,,,,
Kentucky at South Carolina,"Columbia, SC",4:15p,33.97,-81.02,2026-10-03T16:00,,,,,,,,,
Purdue at Illinois,"Champaign, IL",4:15p,40.10,-88.24,2026-10-03T15:00,,,,,,,,,
Oregon State at Colorado State,"Fort Collins, CO",6:00p,40.57,-105.09,2026-10-03T16:00,,,,,,,,,
Arkansas at Texas A&M,"College Station, TX",7:00p,30.61,-96.34,2026-10-03T18:00,,,,,,,,"host cited 40% rain and 10 mph wind (BBOC, Colin Wilson)",
BYU at TCU,"Fort Worth, TX",7:00p,32.71,-97.37,2026-10-03T18:00,,,,,,,,"host flagged possible conditions in the Metroplex (Cover 3, Chip Patterson)",
Georgia Southern at Coastal Carolina,"Conway, SC",7:00p,33.79,-79.02,2026-10-03T19:00,,,,,,,,,
UTSA at Rice,"Houston, TX",7:00p,29.72,-95.41,2026-10-03T18:00,,,,,,,,,
Army at Louisiana Tech,"Ruston, LA",7:30p,32.53,-92.66,2026-10-03T18:00,,,,,,,,,
Miami at Clemson,"Clemson, SC",7:30p,34.68,-82.84,2026-10-03T19:00,,,,,,,,"hosts cited hurricane remnants (Cover 3, Danny Kanell; BBOC, Stucky: possible rain)",
Temple at South Florida,"Tampa, FL",7:30p,27.98,-82.50,2026-10-03T19:00,,,,,,,,,
Texas Tech at Colorado,"Boulder, CO",7:30p,40.01,-105.27,2026-10-03T17:00,,,,,,,,,
Washington at USC,"Los Angeles, CA",7:30p,34.01,-118.29,2026-10-03T16:00,,,,,,,,,
Baylor at Arizona State,"Tempe, AZ",10:30p,33.43,-111.93,2026-10-03T19:00,,,,,,,,,
Texas State at San Diego State,"San Diego, CA",10:30p,32.78,-117.12,2026-10-03T19:00,,,,,,,,"host cited high 70s, no wind (BBOC, Mike Calabrese)",
Cincinnati at Arizona,"Tucson, AZ",11:00p,32.23,-110.95,2026-10-03T20:00,,,,,,,,,
San José State at Hawai'i,"Honolulu, HI",11:59p,21.29,-157.82,2026-10-03T17:00,,,,,,,,"host cited hurricane remnants in-week; game day clear, 10-15 mph sustained (BBOC, Duck)",
Missouri State at Western Kentucky,"Bowling Green, KY",7:00p,36.98,-86.46,2026-10-08T18:00,,,,,,,,,
Sam Houston at Liberty,"Lynchburg, VA",7:00p,37.35,-79.18,2026-10-08T19:00,,,,,,,,,
South Alabama at Arkansas State,"Jonesboro, AR",7:30p,35.85,-90.67,2026-10-08T18:00,,,,,,,,,
South Florida at UTSA,"San Antonio, TX",7:30p,29.42,-98.48,2026-10-08T18:00,retractable or indoor,,,,,,,,
Florida State at Louisville,"Louisville, KY",7:00p,38.21,-85.76,2026-10-09T19:00,,,,,,,,,
Iowa at Washington,"Seattle, WA",9:00p,47.65,-122.30,2026-10-09T18:00,,,,,,,,,
Wyoming at San José State,"San Jose, CA",9:00p,37.32,-121.87,2026-10-09T18:00,,,,,,,,,
Iowa State at BYU,"Provo, UT",10:15p,40.26,-111.65,2026-10-09T20:00,,,,,,,,,
Arizona at West Virginia,"Morgantown, WV",12:00p,39.65,-79.96,2026-10-10T12:00,,,,,,,,,
Indiana at Nebraska,"Lincoln, NE",12:00p,40.82,-96.71,2026-10-10T11:00,,,,,,,,"host cited 'a very windy game' (Cover 3, Bud Elliott)",
North Carolina at Pittsburgh,"Pittsburgh, PA",12:00p,40.45,-80.02,2026-10-10T12:00,,,,,,,,,
Texas A&M at Missouri,"Columbia, MO",12:00p,38.94,-92.33,2026-10-10T11:00,,,,,,,,,
Tulane at Army,"West Point, NY",12:00p,41.39,-73.96,2026-10-10T12:00,,,,,,,,,
Wake Forest at NC State,"Raleigh, NC",12:00p,35.80,-78.72,2026-10-10T12:00,,,,,,,,,
Ball State at Northwestern,"Evanston, IL",12:30p,42.07,-87.69,2026-10-10T11:00,,,,,,,,,
South Carolina at Florida,"Gainesville, FL",12:45p,29.65,-82.35,2026-10-10T12:00,,,,,,,,,
Duke at Georgia Tech,"Atlanta, GA",3:30p,33.77,-84.39,2026-10-10T15:00,,,,,,,,"host cited a 'nasty weather game' (Cover 3, Bud Elliott)",
Houston at Kansas State,"Manhattan, KS",3:30p,39.20,-96.59,2026-10-10T14:00,,,,,,,,,
Illinois at Michigan State,"East Lansing, MI",3:30p,42.73,-84.48,2026-10-10T15:00,,,,,,,,,
Texas at Oklahoma,"Dallas, TX",3:30p,32.78,-96.76,2026-10-10T14:00,,,,,,,,,
Tulsa at Navy,"Annapolis, MD",3:30p,38.98,-76.51,2026-10-10T15:00,,,,,,,,,
UCLA at Oregon,"Eugene, OR",3:30p,44.06,-123.07,2026-10-10T12:00,,,,,,,,,
Virginia Tech at California,"Berkeley, CA",3:30p,37.87,-122.25,2026-10-10T12:00,,,,,,,,,
UConn at Temple,"Philadelphia, PA",3:45p,39.90,-75.17,2026-10-10T15:00,,,,,,,,,
Rice at East Carolina,"Greenville, NC",4:00p,35.60,-77.36,2026-10-10T16:00,,,,,,,,,
Tennessee at Arkansas,"Fayetteville, AR",4:15p,36.07,-94.18,2026-10-10T15:00,,,,,,,,"host cited possible rain (Cover 3, The Dentist, read aloud)",
San Diego State at Oregon State,"Corvallis, OR",6:00p,44.56,-123.28,2026-10-10T15:00,,,,,,,,,
Coastal Carolina at Marshall,"Huntington, WV",7:00p,38.42,-82.42,2026-10-10T19:00,,,,,,,,"host cited rain in Huntington but little wind (BBOC, Mike Calabrese)",
LSU at Kentucky,"Lexington, KY",7:00p,38.02,-84.51,2026-10-10T19:00,,,,,,,,,
North Dakota State at UNLV,"Las Vegas, NV",7:00p,36.09,-115.18,2026-10-10T16:00,retractable or indoor,,,,,,,,
UAB at Memphis,"Memphis, TN",7:00p,35.12,-89.98,2026-10-10T18:00,,,,,,,,,
Air Force at Northern Illinois,"DeKalb, IL",7:30p,41.93,-88.78,2026-10-10T18:00,,,,,,,,,
Georgia at Alabama,"Tuscaloosa, AL",7:30p,33.21,-87.55,2026-10-10T18:00,,,,,,,,"hosts cited hurricane remnants and wind (Cover 3, Tom Fornelli); Danny Kanell: rain not a factor, 'might be breezy'",
James Madison at Georgia Southern,"Statesboro, GA",7:30p,32.41,-81.78,2026-10-10T19:00,,,,,,,,,
Syracuse at Virginia,"Charlottesville, VA",7:30p,38.03,-78.51,2026-10-10T19:00,,,,,,,,,
USC at Penn State,"University Park, PA",7:30p,40.81,-77.86,2026-10-10T19:00,,,,,,,,,
Hawai'i at Arizona State,"Tempe, AZ",9:30p,33.43,-111.93,2026-10-10T18:00,,,,,,,,,
Kansas at Utah,"Salt Lake City, UT",10:15p,40.76,-111.85,2026-10-10T20:00,,,,,,,,,
Boise State at Fresno State,"Fresno, CA",10:30p,36.81,-119.76,2026-10-10T19:00,,,,,,,,,
