cfbd_game_id,week,away_team,home_team,away_points,home_points,excitement_index,a_1H,a_2H,a_OT,a_Q1,a_Q2,a_Q3,a_Q4,h_1H,h_2H,h_OT,h_Q1,h_Q2,h_Q3,h_Q4
401856634,1,East Carolina,Alabama,10.0,48.0,2.413542657655659,7.0,3.0,,0.0,7.0,3.0,0.0,38.0,10.0,,10.0,28.0,0.0,10.0
401856635,1,North Alabama,Arkansas,14.0,31.0,3.2596139293232698,0.0,14.0,,0.0,0.0,7.0,7.0,14.0,17.0,,7.0,7.0,7.0,10.0
401856636,1,Baylor,Auburn,16.0,17.0,7.276093790199145,7.0,9.0,,0.0,7.0,0.0,9.0,10.0,7.0,,3.0,7.0,0.0,7.0
401856637,1,Florida Atlantic,Florida,21.0,66.0,2.9309560668065715,14.0,7.0,,0.0,14.0,7.0,0.0,38.0,28.0,,17.0,21.0,14.0,14.0
401856658,1,Tennessee State,Georgia,3.0,63.0,1.8624348875527263,3.0,0.0,,0.0,3.0,0.0,0.0,35.0,28.0,,28.0,7.0,14.0,14.0
401856659,1,Youngstown State,Kentucky,13.0,45.0,1.7714212792584294,7.0,6.0,,0.0,7.0,6.0,0.0,28.0,17.0,,14.0,14.0,7.0,10.0
401856660,1,Clemson,LSU,10.0,51.0,2.4920462615485617,3.0,7.0,,3.0,0.0,0.0,7.0,31.0,20.0,,17.0,14.0,13.0,7.0
401856661,1,Louisville,Ole Miss,38.0,41.0,7.825231475951447,6.0,32.0,,3.0,3.0,18.0,14.0,10.0,31.0,,0.0,10.0,14.0,17.0
401856662,1,UL Monroe,Mississippi State,13.0,62.0,2.163199868290036,3.0,10.0,,0.0,3.0,10.0,0.0,41.0,21.0,,21.0,20.0,7.0,14.0
401856663,1,Arkansas-Pine Bluff,Missouri,14.0,54.0,2.395718076222952,0.0,14.0,,0.0,0.0,7.0,7.0,40.0,14.0,,14.0,26.0,0.0,14.0
401856664,1,UTEP,Oklahoma,0.0,51.0,1.6622847209305427,0.0,0.0,,0.0,0.0,0.0,0.0,27.0,24.0,,21.0,6.0,17.0,7.0
401856665,1,Kent State,South Carolina,0.0,57.0,1.927710383165817,0.0,0.0,,0.0,0.0,0.0,0.0,29.0,28.0,,7.0,22.0,14.0,14.0
401856666,1,Furman,Tennessee,9.0,56.0,2.5481180554485405,0.0,9.0,,0.0,0.0,3.0,6.0,28.0,28.0,,7.0,21.0,21.0,7.0
401856667,1,Texas State,Texas,7.0,59.0,2.4768900387323205,7.0,0.0,,0.0,7.0,0.0,0.0,28.0,31.0,,14.0,14.0,21.0,10.0
401856668,1,Missouri State,Texas A&M,0.0,50.0,1.97195805997534,0.0,0.0,,0.0,0.0,0.0,0.0,19.0,31.0,,9.0,10.0,14.0,17.0
401856669,1,Austin Peay,Vanderbilt,9.0,28.0,3.1370849878505407,9.0,0.0,,6.0,3.0,0.0,0.0,15.0,13.0,,5.0,10.0,6.0,7.0
401856766,1,North Carolina,TCU,15.0,10.0,6.501938416580931,12.0,3.0,,10.0,2.0,3.0,0.0,10.0,0.0,,10.0,0.0,0.0,0.0
401856767,1,Bethune-Cookman,UCF,6.0,73.0,1.897970373376696,0.0,6.0,,0.0,0.0,0.0,6.0,38.0,35.0,,21.0,17.0,28.0,7.0
401856768,1,Idaho,Utah,14.0,66.0,2.11235780713634,7.0,7.0,,0.0,7.0,7.0,0.0,31.0,35.0,,17.0,14.0,14.0,21.0
401856769,1,Long Island University,Kansas,6.0,51.0,2.712433637537601,0.0,6.0,,0.0,0.0,0.0,6.0,30.0,21.0,,6.0,24.0,7.0,14.0
401856770,1,Abilene Christian,Texas Tech,10.0,33.0,2.270616940713421,3.0,7.0,,0.0,3.0,0.0,7.0,17.0,16.0,,14.0,3.0,9.0,7.0
401856771,1,Nicholls,Kansas State,3.0,71.0,1.860002838700055,3.0,0.0,,0.0,3.0,0.0,0.0,36.0,35.0,,22.0,14.0,21.0,14.0
401856772,1,Oklahoma State,Tulsa,10.0,24.0,3.4798394312225565,3.0,7.0,,0.0,3.0,7.0,0.0,10.0,14.0,,3.0,7.0,7.0,7.0
401856773,1,Northern Arizona,Arizona,7.0,35.0,2.020047082604038,0.0,7.0,,0.0,0.0,0.0,7.0,21.0,14.0,,7.0,14.0,7.0,7.0
401856774,1,Morgan State,Arizona State,7.0,70.0,2.1291923925930254,7.0,0.0,,7.0,0.0,0.0,0.0,49.0,21.0,,28.0,21.0,21.0,0.0
401856775,1,Utah Tech,BYU,7.0,63.0,1.693029251257934,0.0,7.0,,0.0,0.0,7.0,0.0,42.0,21.0,,14.0,28.0,14.0,7.0
401856776,1,Colorado,Georgia Tech,14.0,13.0,6.240260056598781,7.0,7.0,,0.0,7.0,0.0,7.0,10.0,3.0,,0.0,10.0,0.0,3.0
401856777,1,Boston College,Cincinnati,15.0,34.0,3.7856761933742193,0.0,15.0,,0.0,0.0,8.0,7.0,10.0,24.0,,3.0,7.0,14.0,10.0
401856778,1,Oregon State,Houston,20.0,33.0,4.451653122690978,7.0,13.0,,7.0,0.0,6.0,7.0,19.0,14.0,,9.0,10.0,7.0,7.0
401856779,1,Southeast Missouri State,Iowa State,10.0,38.0,2.775955154249339,7.0,3.0,,0.0,7.0,0.0,3.0,28.0,10.0,,14.0,14.0,3.0,7.0
401856780,1,Coastal Carolina,West Virginia,24.0,31.0,2.918222613424516,0.0,24.0,,0.0,0.0,7.0,17.0,24.0,7.0,,14.0,10.0,0.0,7.0
401858201,1,Hawai'i,Stanford,27.0,37.0,5.770253187027743,7.0,20.0,,0.0,7.0,0.0,20.0,14.0,23.0,,7.0,7.0,9.0,14.0
401858202,1,NC State,Virginia,8.0,34.0,2.3644462220310416,0.0,8.0,,0.0,0.0,8.0,0.0,17.0,17.0,,10.0,7.0,7.0,10.0
401858204,1,Akron,Wake Forest,16.0,38.0,2.606870724392924,3.0,13.0,,0.0,3.0,0.0,13.0,28.0,10.0,,10.0,18.0,3.0,7.0
401858206,1,Miami,Stanford,45.0,6.0,3.861456675658052,28.0,17.0,,14.0,14.0,14.0,3.0,6.0,0.0,,3.0,3.0,0.0,0.0
401858207,1,Miami (OH),Pittsburgh,14.0,59.0,2.4978793686470278,14.0,0.0,,0.0,14.0,0.0,0.0,31.0,28.0,,21.0,10.0,21.0,7.0
401858208,1,New Hampshire,Syracuse,3.0,66.0,2.1397786797517004,0.0,3.0,,0.0,0.0,0.0,3.0,41.0,25.0,,14.0,27.0,2.0,23.0
401858209,1,Tulane,Duke,3.0,17.0,3.3994336317500204,0.0,3.0,,0.0,0.0,0.0,3.0,10.0,7.0,,7.0,3.0,0.0,7.0
401858210,1,UCLA,California,45.0,24.0,7.116397431805615,24.0,21.0,,7.0,17.0,0.0,21.0,17.0,7.0,,7.0,10.0,7.0,0.0
401858211,1,VMI,Virginia Tech,3.0,73.0,1.6187263304956838,0.0,3.0,,0.0,0.0,0.0,3.0,45.0,28.0,,21.0,24.0,21.0,7.0
401858212,1,SMU,Florida State,27.0,24.0,6.434540721332048,17.0,10.0,,7.0,10.0,0.0,10.0,10.0,14.0,,7.0,3.0,7.0,7.0
401858422,1,Eastern Illinois,Minnesota,7.0,59.0,2.14001327981458,7.0,0.0,,0.0,7.0,0.0,0.0,35.0,24.0,,14.0,21.0,10.0,14.0
401858423,1,Massachusetts,Rutgers,37.0,21.0,3.19174551401912,24.0,13.0,,7.0,17.0,3.0,10.0,7.0,14.0,,7.0,0.0,0.0,14.0
401858424,1,UAB,Illinois,23.0,42.0,3.799962230181375,13.0,10.0,,3.0,10.0,3.0,7.0,21.0,21.0,,14.0,7.0,7.0,14.0
401858425,1,North Texas,Indiana,16.0,52.0,2.274364991265976,6.0,10.0,,0.0,6.0,10.0,0.0,24.0,28.0,,14.0,10.0,7.0,21.0
401858426,1,Northern Illinois,Iowa,0.0,40.0,2.056095441182341,0.0,0.0,,0.0,0.0,0.0,0.0,33.0,7.0,,20.0,13.0,7.0,0.0
401858427,1,Hampton,Maryland,0.0,62.0,2.0262132883316366,0.0,0.0,,0.0,0.0,0.0,0.0,34.0,28.0,,17.0,17.0,21.0,7.0
401858428,1,Western Michigan,Michigan,12.0,13.0,5.085374646276987,6.0,6.0,,3.0,3.0,0.0,6.0,7.0,6.0,,7.0,0.0,0.0,6.0
401858429,1,Toledo,Michigan State,20.0,30.0,3.933766595911785,7.0,13.0,,0.0,7.0,7.0,6.0,19.0,11.0,,10.0,9.0,0.0,11.0
401858430,1,Ohio,Nebraska,21.0,49.0,4.959056683394593,13.0,8.0,,10.0,3.0,0.0,8.0,14.0,35.0,,7.0,7.0,14.0,21.0
401858431,1,South Dakota State,Northwestern,18.0,34.0,4.929680461851733,6.0,12.0,,0.0,6.0,6.0,6.0,10.0,24.0,,7.0,3.0,7.0,17.0
401858432,1,Ball State,Ohio State,3.0,56.0,2.0816947559603918,3.0,0.0,,0.0,3.0,0.0,0.0,28.0,28.0,,14.0,14.0,14.0,14.0
401858433,1,Boise State,Oregon,27.0,34.0,6.800212461567343,17.0,10.0,,7.0,10.0,7.0,3.0,14.0,20.0,,0.0,14.0,10.0,10.0
401858434,1,Marshall,Penn State,0.0,45.0,2.069694438371381,0.0,0.0,,0.0,0.0,0.0,0.0,24.0,21.0,,17.0,7.0,14.0,7.0
401858435,1,Indiana State,Purdue,19.0,44.0,2.442458035830671,6.0,13.0,,3.0,3.0,0.0,13.0,16.0,28.0,,10.0,6.0,21.0,7.0
401858436,1,Fresno State,USC,0.0,39.0,2.768518413523263,0.0,0.0,,0.0,0.0,0.0,0.0,30.0,9.0,,7.0,23.0,2.0,7.0
401858437,1,Washington State,Washington,10.0,24.0,3.4272122553332083,0.0,10.0,,0.0,0.0,0.0,10.0,10.0,14.0,,3.0,7.0,0.0,14.0
401858438,1,Wisconsin,Notre Dame,13.0,41.0,4.713404453161819,10.0,3.0,,3.0,7.0,3.0,0.0,13.0,28.0,,10.0,3.0,14.0,14.0
401860878,1,Wyoming,Colorado State,13.0,35.0,3.447543350267783,6.0,7.0,,3.0,3.0,7.0,0.0,14.0,21.0,,7.0,7.0,7.0,14.0
401860879,1,Portland State,San Diego State,20.0,53.0,3.4302171098744187,6.0,14.0,,6.0,0.0,7.0,7.0,29.0,24.0,,7.0,22.0,14.0,10.0
401860880,1,Idaho State,Utah State,29.0,17.0,6.264019457225063,16.0,13.0,,6.0,10.0,3.0,10.0,10.0,7.0,,7.0,3.0,7.0,0.0
401861962,1,Lafayette,UConn,7.0,56.0,2.1293066509575125,0.0,7.0,,0.0,0.0,0.0,7.0,35.0,21.0,,21.0,14.0,14.0,7.0
401862693,1,Memphis,UNLV,27.0,21.0,6.40825618898589,7.0,20.0,,0.0,7.0,17.0,3.0,14.0,7.0,,0.0,14.0,7.0,0.0
401862694,1,The Citadel,Charlotte,43.0,41.0,9.442475061652209,7.0,21.0,15.0,7.0,0.0,14.0,7.0,14.0,14.0,13.0,7.0,7.0,7.0,7.0
401862695,1,Arkansas State,Memphis,24.0,42.0,5.053423669218713,17.0,7.0,,3.0,14.0,7.0,0.0,21.0,21.0,,0.0,21.0,14.0,7.0
401862696,1,Towson,Navy,15.0,42.0,3.276233467141967,12.0,3.0,,0.0,12.0,3.0,0.0,28.0,14.0,,14.0,14.0,7.0,7.0
401862697,1,Houston Christian,Rice,3.0,31.0,2.594905350092231,3.0,0.0,,3.0,0.0,0.0,0.0,17.0,14.0,,7.0,10.0,0.0,14.0
401862698,1,Rhode Island,Temple,14.0,38.0,3.427826148039743,14.0,0.0,,7.0,7.0,0.0,0.0,24.0,14.0,,10.0,14.0,7.0,7.0
401862699,1,Florida International,South Florida,9.0,19.0,4.835579500353116,0.0,9.0,,0.0,0.0,3.0,6.0,6.0,13.0,,3.0,3.0,0.0,13.0
401862700,1,UT Rio Grande Valley,UTSA,16.0,45.0,2.762885935131833,6.0,10.0,,0.0,6.0,0.0,10.0,31.0,14.0,,7.0,24.0,0.0,14.0
401862701,1,Bryant,Army,3.0,59.0,1.907602823562528,3.0,0.0,,0.0,3.0,0.0,0.0,31.0,28.0,,21.0,10.0,14.0,14.0
401864424,1,Merrimack,Delaware,7.0,42.0,2.641449382089869,0.0,7.0,,0.0,0.0,7.0,0.0,21.0,21.0,,7.0,14.0,14.0,7.0
401864425,1,West Georgia,Kennesaw State,0.0,47.0,2.229737075700872,0.0,0.0,,0.0,0.0,0.0,0.0,40.0,7.0,,19.0,21.0,7.0,0.0
401864432,1,Western Kentucky,Nevada,14.0,49.0,2.6540355849259845,7.0,7.0,,0.0,7.0,0.0,7.0,21.0,28.0,,14.0,7.0,14.0,14.0
401864494,1,San José State,USC,26.0,42.0,2.1247838400218297,0.0,26.0,,0.0,0.0,3.0,23.0,28.0,14.0,,7.0,21.0,7.0,7.0
401864495,1,San José State,Eastern Michigan,27.0,21.0,5.895337083138708,10.0,17.0,,0.0,10.0,7.0,10.0,7.0,14.0,,0.0,7.0,14.0,0.0
401864496,1,Duquesne,Air Force,0.0,34.0,1.85316278663698,0.0,0.0,,0.0,0.0,0.0,0.0,20.0,14.0,,7.0,13.0,7.0,7.0
401864497,1,UNLV,Hawai'i,21.0,6.0,4.135331155799781,14.0,7.0,,7.0,7.0,0.0,7.0,3.0,3.0,,0.0,3.0,3.0,0.0
401864498,1,Central Michigan,New Mexico,7.0,38.0,1.6516373272600842,0.0,7.0,,0.0,0.0,0.0,7.0,20.0,18.0,,7.0,13.0,15.0,3.0
401864499,1,Fordham,North Dakota State,0.0,38.0,2.332098818300068,0.0,0.0,,0.0,0.0,0.0,0.0,17.0,21.0,,3.0,14.0,21.0,0.0
401864570,1,New Mexico State,Florida State,17.0,34.0,3.6506915398564455,7.0,10.0,,0.0,7.0,3.0,7.0,17.0,17.0,,3.0,14.0,7.0,10.0
401864577,1,Jacksonville State,North Dakota State,7.0,33.0,3.0503311314063795,7.0,0.0,,7.0,0.0,0.0,0.0,17.0,16.0,,7.0,10.0,10.0,6.0
401866408,1,Sacramento State,Eastern Michigan,17.0,28.0,3.5970782042129867,10.0,7.0,,0.0,10.0,0.0,7.0,21.0,7.0,,0.0,21.0,0.0,7.0
401866409,1,UAlbany,Buffalo,17.0,21.0,6.902093440356493,10.0,7.0,,7.0,3.0,7.0,0.0,14.0,7.0,,0.0,14.0,0.0,7.0
401866410,1,Tarleton State,Bowling Green,20.0,13.0,4.2530976755708005,17.0,3.0,,7.0,10.0,0.0,3.0,7.0,6.0,,0.0,7.0,3.0,3.0
401866411,1,Mississippi Valley State,Sacramento State,0.0,52.0,2.039980215956526,0.0,0.0,,0.0,0.0,0.0,0.0,31.0,21.0,,14.0,17.0,7.0,14.0
401866623,1,North Carolina A&T,Georgia State,10.0,59.0,3.2067711849236757,7.0,3.0,,0.0,7.0,0.0,3.0,35.0,24.0,,14.0,21.0,24.0,0.0
401866627,1,Maine,App State,3.0,55.0,2.1860471472481597,0.0,3.0,,0.0,0.0,3.0,0.0,31.0,24.0,,7.0,24.0,7.0,17.0
401867866,1,Murray State,Middle Tennessee,14.0,38.0,2.523397804082168,7.0,7.0,,0.0,7.0,7.0,0.0,21.0,17.0,,14.0,7.0,3.0,14.0
401867973,1,Norfolk State,Old Dominion,10.0,31.0,2.936906991354552,7.0,3.0,,0.0,7.0,3.0,0.0,17.0,14.0,,7.0,10.0,14.0,0.0
401868140,1,Eastern Kentucky,Jacksonville State,7.0,49.0,2.415696723581675,7.0,0.0,,0.0,7.0,0.0,0.0,35.0,14.0,,14.0,21.0,7.0,7.0
401868170,1,Charleston Southern,Georgia Southern,0.0,31.0,2.8280426311254057,0.0,0.0,,0.0,0.0,0.0,0.0,24.0,7.0,,21.0,3.0,7.0,0.0
401868316,1,SE Louisiana,South Alabama,14.0,39.0,2.504406566912188,7.0,7.0,,7.0,0.0,7.0,0.0,22.0,17.0,,19.0,3.0,10.0,7.0
401868356,1,Alcorn State,Southern Miss,3.0,49.0,2.906769279204327,3.0,0.0,,3.0,0.0,0.0,0.0,21.0,28.0,,7.0,14.0,21.0,7.0
401869129,1,Northwestern State,Louisiana Tech,6.0,80.0,2.285266420139923,3.0,3.0,,3.0,0.0,0.0,3.0,63.0,17.0,,21.0,42.0,14.0,3.0
401869142,1,Lamar,Louisiana,7.0,38.0,2.254952524080834,0.0,7.0,,0.0,0.0,0.0,7.0,28.0,10.0,,7.0,21.0,7.0,3.0
401869960,1,Liberty,James Madison,13.0,20.0,2.938805175877657,6.0,7.0,,0.0,6.0,0.0,7.0,17.0,3.0,,7.0,10.0,3.0,0.0
401870763,1,Sam Houston,Troy,21.0,24.0,5.8888493281709735,14.0,7.0,,7.0,7.0,0.0,7.0,14.0,10.0,,7.0,7.0,3.0,7.0
401870790,1,Mercyhurst,New Mexico State,14.0,51.0,5.633043387226727,14.0,0.0,,7.0,7.0,0.0,0.0,23.0,28.0,,13.0,10.0,7.0,21.0
401856670,2,Arkansas,Utah,10.0,43.0,3.092347466132634,3.0,7.0,,3.0,0.0,0.0,7.0,29.0,14.0,,7.0,22.0,7.0,7.0
401856671,2,Southern Miss,Auburn,8.0,43.0,2.028942357857744,8.0,0.0,,0.0,8.0,0.0,0.0,27.0,16.0,,17.0,10.0,16.0,0.0
401856672,2,Campbell,Florida,3.0,52.0,2.480300376623857,3.0,0.0,,3.0,0.0,0.0,0.0,45.0,7.0,,10.0,35.0,7.0,0.0
401856673,2,Western Kentucky,Georgia,20.0,70.0,2.0673143380751107,6.0,14.0,,0.0,6.0,0.0,14.0,49.0,21.0,,21.0,28.0,14.0,7.0
401856674,2,Alabama,Kentucky,45.0,17.0,4.735355751393114,13.0,32.0,,7.0,6.0,18.0,14.0,17.0,0.0,,7.0,10.0,0.0,0.0
401856676,2,Charlotte,Ole Miss,9.0,41.0,2.0606104158869574,0.0,9.0,,0.0,0.0,6.0,3.0,27.0,14.0,,7.0,20.0,0.0,14.0
401856677,2,Mississippi State,Minnesota,38.0,13.0,3.6851358285722577,28.0,10.0,,14.0,14.0,3.0,7.0,6.0,7.0,,3.0,3.0,7.0,0.0
401856678,2,Missouri,Kansas,38.0,21.0,6.683010293890897,14.0,24.0,,0.0,14.0,14.0,10.0,14.0,7.0,,0.0,14.0,7.0,0.0
401856679,2,Oklahoma,Michigan,10.0,17.0,4.412815749915213,0.0,10.0,,0.0,0.0,7.0,3.0,10.0,7.0,,7.0,3.0,0.0,7.0
401856680,2,Towson,South Carolina,9.0,45.0,3.081217784380853,3.0,6.0,,0.0,3.0,6.0,0.0,17.0,28.0,,7.0,10.0,14.0,14.0
401856681,2,Tennessee,Georgia Tech,45.0,24.0,4.585174285774379,24.0,21.0,,7.0,17.0,7.0,14.0,10.0,14.0,,10.0,0.0,7.0,7.0
401856682,2,Ohio State,Texas,23.0,24.0,5.114837003774396,20.0,3.0,,10.0,10.0,3.0,0.0,3.0,21.0,,0.0,3.0,0.0,21.0
401856683,2,Arizona State,Texas A&M,20.0,48.0,4.058681717255771,10.0,10.0,,7.0,3.0,10.0,0.0,17.0,31.0,,7.0,10.0,7.0,24.0
401856684,2,Delaware,Vanderbilt,26.0,35.0,4.163405310327982,17.0,9.0,,0.0,17.0,0.0,9.0,14.0,21.0,,14.0,0.0,21.0,0.0
401856781,2,Washington State,Kansas State,7.0,34.0,2.7120452347612307,7.0,0.0,,0.0,7.0,0.0,0.0,17.0,17.0,,3.0,14.0,10.0,7.0
401856782,2,Oregon,Oklahoma State,31.0,39.0,5.848195968458265,17.0,14.0,,7.0,10.0,7.0,7.0,24.0,15.0,,3.0,21.0,6.0,9.0
401856783,2,Texas Tech,Oregon State,35.0,24.0,8.803792527027108,14.0,21.0,,0.0,14.0,7.0,14.0,7.0,17.0,,0.0,7.0,14.0,3.0
401856784,2,Prairie View A&M,Baylor,3.0,44.0,3.4287794730585697,3.0,0.0,,3.0,0.0,0.0,0.0,34.0,10.0,,17.0,17.0,7.0,3.0
401856785,2,Weber State,Colorado,21.0,52.0,3.107023447998443,14.0,7.0,,7.0,7.0,0.0,7.0,42.0,10.0,,21.0,21.0,3.0,7.0
401856786,2,Western Carolina,Cincinnati,10.0,62.0,2.811860573881546,10.0,0.0,,3.0,7.0,0.0,0.0,28.0,34.0,,7.0,21.0,21.0,13.0
401856787,2,Southern,Houston,6.0,77.0,1.4433547098894488,0.0,6.0,,0.0,0.0,6.0,0.0,49.0,28.0,,28.0,21.0,21.0,7.0
401856788,2,Iowa State,Iowa,13.0,16.0,4.958241936566457,10.0,3.0,,0.0,10.0,3.0,0.0,10.0,6.0,,0.0,10.0,0.0,6.0
401856789,2,Grambling,TCU,7.0,63.0,2.124597899666313,7.0,0.0,,0.0,7.0,0.0,0.0,28.0,35.0,,7.0,21.0,14.0,21.0
401856790,2,UCF,Pittsburgh,7.0,12.0,5.379665826795133,0.0,7.0,,0.0,0.0,0.0,7.0,12.0,0.0,,3.0,9.0,0.0,0.0
401856791,2,UT Martin,West Virginia,7.0,52.0,2.208256557952954,0.0,7.0,,0.0,0.0,0.0,7.0,28.0,24.0,,21.0,7.0,17.0,7.0
401856810,2,Arizona,BYU,17.0,28.0,5.22890503880269,17.0,0.0,,10.0,7.0,0.0,0.0,14.0,14.0,,7.0,7.0,7.0,7.0
401858213,2,Florida A&M,Miami,7.0,77.0,1.8345705305786555,0.0,7.0,,0.0,0.0,0.0,7.0,49.0,28.0,,21.0,28.0,28.0,0.0
401858214,2,Rutgers,Boston College,21.0,28.0,3.862943422855957,7.0,14.0,,0.0,7.0,7.0,7.0,20.0,8.0,,14.0,6.0,0.0,8.0
401858215,2,Villanova,Louisville,13.0,59.0,2.4404798318841623,10.0,3.0,,3.0,7.0,3.0,0.0,31.0,28.0,,17.0,14.0,14.0,14.0
401858216,2,California,Syracuse,21.0,18.0,6.318784382757364,7.0,14.0,,0.0,7.0,7.0,7.0,12.0,6.0,,3.0,9.0,6.0,0.0
401858217,2,Duke,Illinois,31.0,27.0,5.659197811170286,21.0,10.0,,7.0,14.0,7.0,3.0,24.0,3.0,,10.0,14.0,3.0,0.0
401858218,2,East Tennessee State,North Carolina,3.0,35.0,1.8097981493180528,0.0,3.0,,0.0,0.0,0.0,3.0,21.0,14.0,,7.0,14.0,14.0,0.0
401858219,2,Georgia Southern,Clemson,7.0,22.0,3.80340639544536,7.0,0.0,,0.0,7.0,0.0,0.0,16.0,6.0,,7.0,9.0,0.0,6.0
401858220,2,Norfolk State,Virginia,3.0,59.0,2.138828100677014,3.0,0.0,,0.0,3.0,0.0,0.0,28.0,31.0,,21.0,7.0,14.0,17.0
401858221,2,Old Dominion,Virginia Tech,21.0,44.0,2.5798047775213986,6.0,15.0,,3.0,3.0,7.0,8.0,34.0,10.0,,17.0,17.0,3.0,7.0
401858222,2,Richmond,NC State,0.0,73.0,1.9801876241116367,0.0,0.0,,0.0,0.0,0.0,0.0,49.0,24.0,,21.0,28.0,14.0,10.0
401858223,2,UC Davis,SMU,10.0,56.0,1.917390208205421,0.0,10.0,,0.0,0.0,0.0,10.0,42.0,14.0,,14.0,28.0,7.0,7.0
401858224,2,Wake Forest,Purdue,38.0,36.0,10.15891091707647,17.0,6.0,15.0,7.0,10.0,3.0,3.0,10.0,13.0,13.0,7.0,3.0,3.0,10.0
401858439,2,Howard,Indiana,0.0,55.0,1.6708804528668852,0.0,0.0,,0.0,0.0,0.0,0.0,41.0,14.0,,20.0,21.0,14.0,0.0
401858440,2,Eastern Michigan,Michigan State,7.0,35.0,2.694647689046348,7.0,0.0,,0.0,7.0,0.0,0.0,14.0,21.0,,7.0,7.0,14.0,7.0
401858441,2,Bowling Green,Nebraska,7.0,56.0,1.8334434786997853,0.0,7.0,,0.0,0.0,0.0,7.0,35.0,21.0,,14.0,21.0,0.0,21.0
401858442,2,Penn State,Temple,27.0,9.0,3.5985873235133377,10.0,17.0,,0.0,10.0,10.0,7.0,3.0,6.0,,0.0,3.0,0.0,6.0
401858443,2,San Diego State,UCLA,10.0,28.0,3.469360436775447,0.0,10.0,,0.0,0.0,0.0,10.0,0.0,28.0,,0.0,0.0,7.0,21.0
401858444,2,Maryland,UConn,38.0,14.0,4.122592171700131,17.0,21.0,,7.0,10.0,14.0,7.0,7.0,7.0,,7.0,0.0,7.0,0.0
401858445,2,Louisiana,USC,30.0,49.0,3.9120114593741935,10.0,20.0,,3.0,7.0,7.0,13.0,28.0,21.0,,7.0,21.0,7.0,14.0
401858446,2,Utah State,Washington,14.0,16.0,7.0473552315932055,7.0,7.0,,0.0,7.0,0.0,7.0,10.0,6.0,,0.0,10.0,0.0,6.0
401858447,2,Western Illinois,Wisconsin,9.0,36.0,1.9789155142132075,6.0,3.0,,3.0,3.0,3.0,0.0,23.0,13.0,,17.0,6.0,7.0,6.0
401859184,2,Rice,Notre Dame,0.0,52.0,1.9717400884243168,0.0,0.0,,0.0,0.0,0.0,0.0,42.0,10.0,,21.0,21.0,10.0,0.0
401860881,2,Memphis,Boise State,20.0,38.0,5.390900336820925,20.0,0.0,,7.0,13.0,0.0,0.0,17.0,21.0,,3.0,14.0,14.0,7.0
401860882,2,Southern Utah,Colorado State,24.0,58.0,3.3659690485874445,21.0,3.0,,7.0,14.0,0.0,3.0,48.0,10.0,,17.0,31.0,3.0,7.0
401860883,2,Sacramento State,Fresno State,3.0,49.0,2.6248456325091527,0.0,3.0,,0.0,0.0,3.0,0.0,32.0,17.0,,0.0,32.0,14.0,3.0
401860884,2,UTSA,Texas State,31.0,26.0,6.508105036584822,7.0,24.0,,7.0,0.0,10.0,14.0,17.0,9.0,,0.0,17.0,6.0,3.0
401862702,2,South Florida,Army,28.0,24.0,5.644033764124048,7.0,21.0,,7.0,0.0,7.0,14.0,14.0,10.0,,0.0,14.0,0.0,10.0
401862703,2,Navy,Florida Atlantic,30.0,38.0,3.34078476829419,7.0,23.0,,7.0,0.0,7.0,16.0,31.0,7.0,,14.0,17.0,7.0,0.0
401862705,2,UNLV,North Texas,6.0,44.0,2.4064488437525,3.0,3.0,,0.0,3.0,3.0,0.0,20.0,24.0,,13.0,7.0,14.0,10.0
401862707,2,Tulsa,Sam Houston,23.0,17.0,5.6417792526782655,10.0,13.0,,0.0,10.0,13.0,0.0,14.0,3.0,,7.0,7.0,3.0,0.0
401862708,2,UL Monroe,UAB,20.0,26.0,5.855949041456546,17.0,3.0,,7.0,10.0,3.0,0.0,10.0,16.0,,0.0,10.0,3.0,13.0
401864500,2,Montana State,Nevada,20.0,7.0,3.456983827518999,17.0,3.0,,10.0,7.0,0.0,3.0,0.0,7.0,,0.0,0.0,0.0,7.0
401864502,2,North Dakota State,Air Force,38.0,32.0,4.633518427306371,28.0,10.0,,7.0,21.0,7.0,3.0,13.0,19.0,,0.0,13.0,0.0,19.0
401864503,2,Illinois State,Northern Illinois,28.0,24.0,6.71050730738745,21.0,7.0,,14.0,7.0,0.0,7.0,17.0,7.0,,0.0,17.0,0.0,7.0
401864504,2,Cal Poly,San José State,20.0,30.0,5.605784129851264,6.0,14.0,,0.0,6.0,7.0,7.0,13.0,17.0,,0.0,13.0,7.0,10.0
401864505,2,Texas Southern,UTEP,10.0,51.0,3.6816616555625794,10.0,0.0,,7.0,3.0,0.0,0.0,21.0,30.0,,7.0,14.0,21.0,9.0
401864506,2,Northern Colorado,Wyoming,13.0,21.0,5.613684794038708,10.0,3.0,,0.0,10.0,3.0,0.0,7.0,14.0,,0.0,7.0,0.0,14.0
401864571,2,App State,East Carolina,27.0,24.0,5.840694871750819,17.0,10.0,,3.0,14.0,10.0,0.0,10.0,14.0,,7.0,3.0,7.0,7.0
401864575,2,South Alabama,Tulane,24.0,28.0,6.324042801260324,10.0,14.0,,10.0,0.0,7.0,7.0,14.0,14.0,,0.0,14.0,7.0,7.0
401864578,2,New Mexico State,Hawai'i,19.0,29.0,4.774929477424329,13.0,6.0,,0.0,13.0,6.0,0.0,19.0,10.0,,9.0,10.0,3.0,7.0
401865252,2,Mercyhurst,New Mexico,7.0,70.0,3.5097709978250333,7.0,0.0,,7.0,0.0,0.0,0.0,49.0,21.0,,7.0,42.0,14.0,7.0
401866412,2,Robert Morris,Akron,10.0,45.0,2.9058535163628694,10.0,0.0,,0.0,10.0,0.0,0.0,21.0,24.0,,7.0,14.0,10.0,14.0
401866413,2,Stony Brook,Ball State,17.0,41.0,2.9274254084526574,3.0,14.0,,0.0,3.0,0.0,14.0,21.0,20.0,,7.0,14.0,0.0,20.0
401866414,2,Buffalo,Florida International,20.0,33.0,3.115485379206615,6.0,14.0,,3.0,3.0,8.0,6.0,21.0,12.0,,14.0,7.0,9.0,3.0
401866415,2,Colgate,Central Michigan,10.0,13.0,4.595530284820957,10.0,0.0,,0.0,10.0,0.0,0.0,0.0,13.0,,0.0,0.0,6.0,7.0
401866416,2,Wofford,Kent State,15.0,36.0,4.618649026122627,15.0,0.0,,3.0,12.0,0.0,0.0,14.0,22.0,,7.0,7.0,0.0,22.0
401866417,2,Holy Cross,Miami (OH),7.0,45.0,1.6097025491435413,0.0,7.0,,0.0,0.0,7.0,0.0,42.0,3.0,,14.0,28.0,3.0,0.0
401866418,2,Jacksonville State,Ohio,27.0,29.0,7.380048779354027,17.0,7.0,3.0,7.0,10.0,7.0,0.0,14.0,10.0,5.0,0.0,14.0,0.0,10.0
401866419,2,Central Connecticut,Toledo,10.0,63.0,3.2197421570118423,3.0,7.0,,3.0,0.0,0.0,7.0,35.0,28.0,,14.0,21.0,21.0,7.0
401866420,2,Sacred Heart,Massachusetts,10.0,37.0,2.0110112525244674,0.0,10.0,,0.0,0.0,3.0,7.0,23.0,14.0,,17.0,6.0,14.0,0.0
401866421,2,Monmouth,Western Michigan,14.0,49.0,2.799589385494212,0.0,14.0,,0.0,0.0,7.0,7.0,21.0,28.0,,7.0,14.0,21.0,7.0
401867796,2,Louisiana Tech,LSU,14.0,45.0,3.7694043568740536,7.0,7.0,,0.0,7.0,0.0,7.0,10.0,35.0,,10.0,0.0,14.0,21.0
401867929,2,Wagner,James Madison,3.0,87.0,2.521116012299708,3.0,0.0,,3.0,0.0,0.0,0.0,42.0,45.0,,21.0,21.0,24.0,21.0
401868008,2,Fordham,Coastal Carolina,7.0,45.0,3.0899856745210967,7.0,0.0,,0.0,7.0,0.0,0.0,28.0,17.0,,7.0,21.0,10.0,7.0
401868187,2,Gardner-Webb,Liberty,23.0,24.0,5.981791198506766,20.0,3.0,,6.0,14.0,3.0,0.0,17.0,7.0,,14.0,3.0,0.0,7.0
401868241,2,West Georgia,Arkansas State,7.0,52.0,2.538354222285957,7.0,0.0,,0.0,7.0,0.0,0.0,21.0,31.0,,0.0,21.0,17.0,14.0
401868326,2,Alabama State,Troy,17.0,34.0,3.5127105558260845,7.0,10.0,,7.0,0.0,10.0,0.0,31.0,3.0,,14.0,17.0,3.0,0.0
401869955,2,Georgia State,Kennesaw State,31.0,17.0,3.164195020313668,21.0,10.0,,6.0,15.0,7.0,3.0,3.0,14.0,,3.0,0.0,8.0,6.0
401871045,2,Middle Tennessee,Marshall,26.0,28.0,6.5898616001456,13.0,13.0,,7.0,6.0,7.0,6.0,14.0,14.0,,7.0,7.0,0.0,14.0
401871046,2,Lindenwood,Missouri State,14.0,48.0,2.3846776173413207,0.0,14.0,,0.0,0.0,7.0,7.0,34.0,14.0,,14.0,20.0,14.0,0.0
401856685,3,Florida State,Alabama,36.0,50.0,5.513821541043104,21.0,15.0,,14.0,7.0,7.0,8.0,26.0,24.0,,3.0,23.0,14.0,10.0
401856686,3,Georgia,Arkansas,45.0,17.0,2.951363194479673,21.0,24.0,,7.0,14.0,10.0,14.0,3.0,14.0,,0.0,3.0,0.0,14.0
401856687,3,Florida,Auburn,44.0,39.0,4.915838118486049,20.0,24.0,,7.0,13.0,14.0,10.0,17.0,22.0,,3.0,14.0,7.0,15.0
401856688,3,LSU,Ole Miss,24.0,32.0,4.662154542037517,7.0,17.0,,0.0,7.0,14.0,3.0,24.0,8.0,,10.0,14.0,0.0,8.0
401856689,3,Troy,Missouri,17.0,27.0,4.388568545667543,17.0,0.0,,10.0,7.0,0.0,0.0,24.0,3.0,,0.0,24.0,0.0,3.0
401856690,3,New Mexico,Oklahoma,6.0,14.0,3.888959815772902,6.0,0.0,,0.0,6.0,0.0,0.0,7.0,7.0,,0.0,7.0,7.0,0.0
401856691,3,Mississippi State,South Carolina,41.0,34.0,5.6081138909839074,14.0,27.0,,0.0,14.0,17.0,10.0,23.0,11.0,,13.0,10.0,0.0,11.0
401856692,3,Kennesaw State,Tennessee,9.0,42.0,1.99929925250928,3.0,6.0,,3.0,0.0,0.0,6.0,21.0,21.0,,15.0,6.0,14.0,7.0
401856693,3,UTSA,Texas,6.0,30.0,2.120834864199118,3.0,3.0,,3.0,0.0,3.0,0.0,20.0,10.0,,10.0,10.0,3.0,7.0
401856694,3,Kentucky,Texas A&M,31.0,21.0,4.227566138069254,7.0,24.0,,0.0,7.0,21.0,3.0,7.0,14.0,,0.0,7.0,0.0,14.0
401856695,3,NC State,Vanderbilt,31.0,35.0,8.990119449610065,17.0,14.0,,14.0,3.0,7.0,7.0,7.0,28.0,,0.0,7.0,7.0,21.0
401856792,3,Tulane,Kansas State,20.0,31.0,3.379333217409422,10.0,10.0,,7.0,3.0,3.0,7.0,17.0,14.0,,0.0,17.0,7.0,7.0
401856793,3,Northern Illinois,Arizona,17.0,42.0,3.8379336626917135,10.0,7.0,,10.0,0.0,0.0,7.0,28.0,14.0,,7.0,21.0,7.0,7.0
401856795,3,BYU,Colorado State,41.0,23.0,3.866653273500453,31.0,10.0,,21.0,10.0,7.0,3.0,7.0,16.0,,7.0,0.0,0.0,16.0
401856796,3,Colorado,Northwestern,7.0,41.0,2.6936814550593238,0.0,7.0,,0.0,0.0,7.0,0.0,21.0,20.0,,7.0,14.0,14.0,6.0
401856797,3,Miami (OH),Cincinnati,31.0,35.0,6.38672450903238,28.0,3.0,,14.0,14.0,0.0,3.0,7.0,28.0,,7.0,0.0,14.0,14.0
401856798,3,Bowling Green,Iowa State,7.0,55.0,2.90255500259395,7.0,0.0,,7.0,0.0,0.0,0.0,35.0,20.0,,21.0,14.0,10.0,10.0
401856799,3,Arkansas State,TCU,7.0,31.0,3.145150826907509,7.0,0.0,,0.0,7.0,0.0,0.0,14.0,17.0,,7.0,7.0,7.0,10.0
401856800,3,Georgia State,UCF,30.0,44.0,5.735549721200934,24.0,6.0,,7.0,17.0,3.0,3.0,20.0,24.0,,17.0,3.0,14.0,10.0
401856801,3,Utah State,Utah,0.0,33.0,1.855585364021608,0.0,0.0,,0.0,0.0,0.0,0.0,26.0,7.0,,16.0,10.0,7.0,0.0
401856802,3,West Virginia,Virginia,38.0,27.0,6.0148190025336605,21.0,17.0,,7.0,14.0,7.0,10.0,14.0,13.0,,14.0,0.0,7.0,6.0
401856803,3,Murray State,Oklahoma State,0.0,59.0,1.857143037936244,0.0,0.0,,0.0,0.0,0.0,0.0,31.0,28.0,,14.0,17.0,21.0,7.0
401856811,3,Houston,Texas Tech,26.0,28.0,6.805447451480736,17.0,9.0,,10.0,7.0,3.0,6.0,14.0,14.0,,0.0,14.0,7.0,7.0
401856812,3,Arizona State,Kansas,24.0,17.0,4.606880390879709,10.0,14.0,,3.0,7.0,7.0,7.0,7.0,10.0,,0.0,7.0,0.0,10.0
401858225,3,Syracuse,Pittsburgh,13.0,27.0,2.681393052123561,10.0,3.0,,0.0,10.0,0.0,3.0,17.0,10.0,,7.0,10.0,7.0,3.0
401858226,3,Miami,Wake Forest,33.0,20.0,4.531463816387299,24.0,9.0,,7.0,17.0,7.0,2.0,7.0,13.0,,7.0,0.0,6.0,7.0
401858227,3,Maine,Boston College,16.0,22.0,3.131625533947348,10.0,6.0,,0.0,10.0,0.0,6.0,19.0,3.0,,16.0,3.0,3.0,0.0
401858228,3,Mercer,Georgia Tech,11.0,44.0,1.9715837092751365,3.0,8.0,,0.0,3.0,8.0,0.0,24.0,20.0,,7.0,17.0,13.0,7.0
401858229,3,North Carolina,Clemson,20.0,28.0,4.845464774691703,17.0,3.0,,14.0,3.0,0.0,3.0,6.0,22.0,,3.0,3.0,9.0,13.0
401858230,3,SMU,Louisville,31.0,41.0,7.076169653428948,17.0,14.0,,7.0,10.0,7.0,7.0,14.0,27.0,,14.0,0.0,14.0,13.0
401858231,3,Stanford,Duke,7.0,35.0,3.237433821701348,7.0,0.0,,0.0,7.0,0.0,0.0,14.0,21.0,,0.0,14.0,14.0,7.0
401858232,3,Virginia Tech,Maryland,35.0,26.0,4.1187773296057335,27.0,8.0,,7.0,20.0,8.0,0.0,14.0,12.0,,0.0,14.0,0.0,12.0
401858233,3,Wagner,California,7.0,49.0,2.013852397878264,7.0,0.0,,0.0,7.0,0.0,0.0,39.0,10.0,,29.0,10.0,7.0,3.0
401858448,3,Southern Illinois,Illinois,10.0,48.0,2.609181816487975,10.0,0.0,,7.0,3.0,0.0,0.0,31.0,17.0,,14.0,17.0,0.0,17.0
401858449,3,Western Kentucky,Indiana,0.0,38.0,2.876401622365555,0.0,0.0,,0.0,0.0,0.0,0.0,14.0,24.0,,0.0,14.0,17.0,7.0
401858450,3,UTEP,Michigan,17.0,52.0,4.7078150789167,14.0,3.0,,7.0,7.0,0.0,3.0,17.0,35.0,,0.0,17.0,28.0,7.0
401858451,3,Akron,Minnesota,7.0,41.0,2.252949199441229,0.0,7.0,,0.0,0.0,0.0,7.0,20.0,21.0,,10.0,10.0,7.0,14.0
401858452,3,North Dakota,Nebraska,7.0,34.0,1.859135207140717,0.0,7.0,,0.0,0.0,7.0,0.0,17.0,17.0,,14.0,3.0,7.0,10.0
401858453,3,Michigan State,Notre Dame,10.0,27.0,2.726436174502571,10.0,0.0,,0.0,10.0,0.0,0.0,17.0,10.0,,10.0,7.0,3.0,7.0
401858454,3,Kent State,Ohio State,3.0,59.0,1.5658069191125186,0.0,3.0,,0.0,0.0,0.0,3.0,35.0,24.0,,21.0,14.0,7.0,17.0
401858455,3,Portland State,Oregon,0.0,84.0,1.89479407163626,0.0,0.0,,0.0,0.0,0.0,0.0,49.0,35.0,,28.0,21.0,14.0,21.0
401858456,3,Buffalo,Penn State,13.0,55.0,2.03969834859093,6.0,7.0,,3.0,3.0,0.0,7.0,34.0,21.0,,17.0,17.0,14.0,7.0
401858457,3,USC,Rutgers,42.0,35.0,6.144945172564879,20.0,22.0,,10.0,10.0,15.0,7.0,14.0,21.0,,7.0,7.0,14.0,7.0
401858458,3,Purdue,UCLA,38.0,52.0,5.646131474311363,21.0,17.0,,7.0,14.0,10.0,7.0,24.0,28.0,,21.0,3.0,14.0,14.0
401858459,3,Eastern Washington,Washington,16.0,48.0,3.1874741790894,10.0,6.0,,3.0,7.0,3.0,3.0,31.0,17.0,,14.0,17.0,7.0,10.0
401858460,3,Eastern Michigan,Wisconsin,10.0,54.0,2.899037008885028,7.0,3.0,,7.0,0.0,0.0,3.0,31.0,23.0,,3.0,28.0,10.0,13.0
401858471,3,Northern Iowa,Iowa,0.0,55.0,2.087183122203247,0.0,0.0,,0.0,0.0,0.0,0.0,42.0,13.0,,21.0,21.0,7.0,6.0
401860885,3,South Dakota,Boise State,24.0,38.0,5.709640287937467,14.0,10.0,,7.0,7.0,7.0,3.0,21.0,17.0,,7.0,14.0,3.0,14.0
401860886,3,Montana,Oregon State,17.0,52.0,2.519624851388829,3.0,14.0,,0.0,3.0,7.0,7.0,35.0,17.0,,14.0,21.0,7.0,10.0
401860887,3,James Madison,San Diego State,26.0,13.0,4.566228542357562,19.0,7.0,,10.0,9.0,0.0,7.0,0.0,13.0,,0.0,0.0,7.0,6.0
401860888,3,Fresno State,San José State,26.0,10.0,5.372592252759031,6.0,20.0,,0.0,6.0,7.0,13.0,3.0,7.0,,3.0,0.0,0.0,7.0
401860889,3,North Texas,Texas State,35.0,49.0,5.544088586426384,28.0,7.0,,7.0,21.0,0.0,7.0,28.0,21.0,,21.0,7.0,7.0,14.0
401860890,3,Duquesne,Washington State,7.0,48.0,3.736257066861516,7.0,0.0,,7.0,0.0,0.0,0.0,14.0,34.0,,7.0,7.0,21.0,13.0
401861963,3,UConn,Southern Miss,48.0,20.0,4.811639806925726,27.0,21.0,,14.0,13.0,14.0,7.0,6.0,14.0,,3.0,3.0,7.0,7.0
401862710,3,East Carolina,Old Dominion,20.0,17.0,6.326449495298888,10.0,10.0,,7.0,3.0,7.0,3.0,17.0,0.0,,0.0,17.0,0.0,0.0
401862771,3,Florida International,Florida Atlantic,10.0,16.0,5.53028244613773,7.0,3.0,,0.0,7.0,0.0,3.0,10.0,6.0,,10.0,0.0,6.0,0.0
401862772,3,UT Martin,Memphis,21.0,45.0,2.4351672171204406,7.0,14.0,,0.0,7.0,0.0,14.0,24.0,21.0,,10.0,14.0,7.0,14.0
401862773,3,Western Michigan,Rice,28.0,21.0,4.697684070810628,14.0,14.0,,7.0,7.0,0.0,14.0,7.0,14.0,,0.0,7.0,7.0,7.0
401862774,3,Temple,Toledo,48.0,49.0,7.729420903421505,24.0,18.0,6.0,10.0,14.0,3.0,15.0,14.0,28.0,7.0,7.0,7.0,7.0,21.0
401862775,3,East Texas A&M,Tulsa,0.0,42.0,2.2230052365386244,0.0,0.0,,0.0,0.0,0.0,0.0,14.0,28.0,,7.0,7.0,14.0,14.0
401862776,3,UAB,Louisiana,14.0,21.0,3.4527354029997275,7.0,7.0,,0.0,7.0,0.0,7.0,21.0,0.0,,7.0,14.0,0.0,0.0
401862777,3,Delaware State,South Florida,17.0,59.0,3.687487150372105,17.0,0.0,,7.0,10.0,0.0,0.0,28.0,31.0,,14.0,14.0,14.0,17.0
401864443,3,Nevada,Middle Tennessee,20.0,27.0,5.943196413737067,10.0,10.0,,7.0,3.0,7.0,3.0,10.0,17.0,,7.0,3.0,7.0,10.0
401864507,3,North Dakota State,Sacramento State,31.0,10.0,4.201292419504139,28.0,3.0,,21.0,7.0,0.0,3.0,3.0,7.0,,0.0,3.0,0.0,7.0
401864508,3,Wyoming,Central Michigan,10.0,24.0,2.51930446411798,0.0,10.0,,0.0,0.0,3.0,7.0,17.0,7.0,,3.0,14.0,7.0,0.0
401864574,3,Charlotte,App State,21.0,26.0,3.7335858381066593,7.0,14.0,,0.0,7.0,0.0,14.0,13.0,13.0,,3.0,10.0,6.0,7.0
401866422,3,Ball State,Liberty,15.0,51.0,2.903203556715076,7.0,8.0,,7.0,0.0,8.0,0.0,23.0,28.0,,13.0,10.0,14.0,14.0
401866423,3,Ohio,South Alabama,36.0,41.0,3.9245862967611207,7.0,29.0,,7.0,0.0,14.0,15.0,24.0,17.0,,14.0,10.0,7.0,10.0
401866424,3,Stonehill,Massachusetts,14.0,36.0,2.7463259433589973,7.0,7.0,,7.0,0.0,0.0,7.0,13.0,23.0,,13.0,0.0,9.0,14.0
401867804,3,Louisiana Tech,Baylor,19.0,36.0,3.360110119380664,7.0,12.0,,7.0,0.0,0.0,12.0,20.0,16.0,,7.0,13.0,9.0,7.0
401868317,3,SE Louisiana,UL Monroe,38.0,35.0,5.870224837157036,24.0,14.0,,7.0,17.0,7.0,7.0,13.0,22.0,,0.0,13.0,7.0,15.0
401869940,3,Coastal Carolina,Delaware,14.0,22.0,4.877524784363484,14.0,0.0,,7.0,7.0,0.0,0.0,15.0,7.0,,0.0,15.0,0.0,7.0
401869948,3,Georgia Southern,Jacksonville State,27.0,31.0,5.231225171281374,24.0,3.0,,3.0,21.0,3.0,0.0,10.0,21.0,,0.0,10.0,7.0,14.0
401870764,3,Nicholls,Sam Houston,0.0,59.0,1.8754360356013395,0.0,0.0,,0.0,0.0,0.0,0.0,31.0,28.0,,10.0,21.0,21.0,7.0
401871047,3,Marshall,Missouri State,30.0,24.0,6.715983248413741,17.0,13.0,,14.0,3.0,10.0,3.0,10.0,14.0,,10.0,0.0,14.0,0.0
401856696,4,South Carolina,Alabama,18.0,49.0,2.9230204809345275,10.0,8.0,,0.0,10.0,0.0,8.0,35.0,14.0,,14.0,21.0,0.0,14.0
401856697,4,Tulsa,Arkansas,6.0,34.0,2.1778321544728887,0.0,6.0,,0.0,0.0,6.0,0.0,16.0,18.0,,10.0,6.0,7.0,11.0
401856698,4,Vanderbilt,Auburn,15.0,21.0,4.354474712785336,3.0,12.0,,3.0,0.0,6.0,6.0,14.0,7.0,,7.0,7.0,7.0,0.0
401856699,4,Ole Miss,Florida,28.0,52.0,3.5871283412431705,6.0,22.0,,0.0,6.0,15.0,7.0,17.0,35.0,,10.0,7.0,14.0,21.0
401856700,4,Oklahoma,Georgia,13.0,41.0,2.4945346930464,0.0,13.0,,0.0,0.0,6.0,7.0,28.0,13.0,,7.0,21.0,3.0,10.0
401856702,4,Texas A&M,LSU,6.0,35.0,2.2734410877272277,3.0,3.0,,0.0,3.0,3.0,0.0,14.0,21.0,,7.0,7.0,21.0,0.0
401856703,4,Missouri,Mississippi State,24.0,31.0,6.647011263502548,10.0,14.0,,0.0,10.0,14.0,0.0,14.0,17.0,,14.0,0.0,3.0,14.0
401856704,4,Texas,Tennessee,20.0,17.0,5.781441553031744,10.0,10.0,,7.0,3.0,3.0,7.0,3.0,14.0,,3.0,0.0,7.0,7.0
401856804,4,Arizona,Washington State,34.0,24.0,5.895117948296565,14.0,20.0,,7.0,7.0,7.0,13.0,17.0,7.0,,14.0,3.0,0.0,7.0
401856805,4,Sam Houston,Texas Tech,14.0,49.0,3.041494746391094,14.0,0.0,,0.0,14.0,0.0,0.0,21.0,28.0,,7.0,14.0,14.0,14.0
401856806,4,Houston,Georgia Southern,42.0,28.0,4.30696389182298,28.0,14.0,,14.0,14.0,7.0,7.0,14.0,14.0,,0.0,14.0,7.0,7.0
401856813,4,Colorado,Baylor,13.0,23.0,5.849607178858012,3.0,10.0,,3.0,0.0,3.0,7.0,10.0,13.0,,0.0,10.0,3.0,10.0
401856814,4,Kansas State,Cincinnati,26.0,31.0,6.24996004926384,17.0,9.0,,3.0,14.0,0.0,9.0,10.0,21.0,,0.0,10.0,14.0,7.0
401856815,4,TCU,UCF,13.0,21.0,4.223712729931165,10.0,3.0,,7.0,3.0,3.0,0.0,14.0,7.0,,7.0,7.0,0.0,7.0
401856816,4,Utah,Iowa State,31.0,17.0,4.9792189606780575,24.0,7.0,,14.0,10.0,0.0,7.0,3.0,14.0,,0.0,3.0,7.0,7.0
401856881,4,Oklahoma State,West Virginia,41.0,24.0,6.713631407029059,13.0,28.0,,3.0,10.0,15.0,13.0,14.0,10.0,,7.0,7.0,10.0,0.0
401858234,4,Clemson,California,24.0,10.0,4.836994792393639,10.0,14.0,,0.0,10.0,7.0,7.0,7.0,3.0,,7.0,0.0,3.0,0.0
401858236,4,Bucknell,Pittsburgh,0.0,59.0,2.360540901995125,0.0,0.0,,0.0,0.0,0.0,0.0,35.0,24.0,,14.0,21.0,7.0,17.0
401858237,4,Central Arkansas,Florida State,7.0,34.0,2.235036167991172,7.0,0.0,,0.0,7.0,0.0,0.0,24.0,10.0,,14.0,10.0,10.0,0.0
401858238,4,Central Michigan,Miami,3.0,52.0,2.2898621738017813,3.0,0.0,,3.0,0.0,0.0,0.0,35.0,17.0,,7.0,28.0,7.0,10.0
401858239,4,Delaware,Virginia,3.0,42.0,2.4772565551776125,3.0,0.0,,0.0,3.0,0.0,0.0,28.0,14.0,,7.0,21.0,7.0,7.0
401858240,4,Georgia Tech,Stanford,27.0,34.0,6.637513719856492,20.0,7.0,,10.0,10.0,0.0,7.0,10.0,24.0,,7.0,3.0,17.0,7.0
401858241,4,Missouri State,SMU,24.0,34.0,5.032704053568597,10.0,14.0,,10.0,0.0,0.0,14.0,14.0,20.0,,0.0,14.0,7.0,13.0
401858242,4,Virginia Tech,Boston College,21.0,14.0,6.247434536126439,3.0,18.0,,0.0,3.0,3.0,15.0,0.0,14.0,,0.0,0.0,7.0,7.0
401858243,4,Wake Forest,Louisville,30.0,27.0,7.702457424504924,24.0,6.0,,3.0,21.0,3.0,3.0,21.0,6.0,,7.0,14.0,6.0,0.0
401858244,4,William & Mary,Duke,7.0,62.0,2.45995909424972,7.0,0.0,,7.0,0.0,0.0,0.0,38.0,24.0,,14.0,24.0,10.0,14.0
401858461,4,Northwestern,Indiana,23.0,29.0,5.065616254853787,0.0,23.0,,0.0,0.0,7.0,16.0,12.0,17.0,,2.0,10.0,3.0,14.0
401858462,4,UCLA,Maryland,54.0,3.0,4.133270982449607,20.0,34.0,,0.0,20.0,14.0,20.0,3.0,0.0,,0.0,3.0,0.0,0.0
401858463,4,Iowa,Michigan,20.0,19.0,5.308759697276732,7.0,13.0,,7.0,0.0,0.0,13.0,10.0,9.0,,7.0,3.0,3.0,6.0
401858464,4,Nebraska,Michigan State,31.0,13.0,4.359703729038841,24.0,7.0,,7.0,17.0,0.0,7.0,10.0,3.0,,3.0,7.0,3.0,0.0
401858465,4,Illinois,Ohio State,19.0,42.0,2.865914670983624,10.0,9.0,,7.0,3.0,3.0,6.0,28.0,14.0,,14.0,14.0,0.0,14.0
401858466,4,Wisconsin,Penn State,24.0,20.0,5.318259320033969,7.0,17.0,,0.0,7.0,3.0,14.0,17.0,3.0,,3.0,14.0,3.0,0.0
401858467,4,Notre Dame,Purdue,49.0,10.0,2.530448204201181,35.0,14.0,,7.0,28.0,0.0,14.0,0.0,10.0,,0.0,0.0,3.0,7.0
401858468,4,Howard,Rutgers,7.0,58.0,1.8288786763993832,7.0,0.0,,7.0,0.0,0.0,0.0,41.0,17.0,,21.0,20.0,10.0,7.0
401858469,4,Oregon,USC,41.0,27.0,6.699116589123444,13.0,28.0,,3.0,10.0,14.0,14.0,10.0,17.0,,0.0,10.0,10.0,7.0
401858470,4,Minnesota,Washington,27.0,24.0,4.3491841477312905,21.0,6.0,,14.0,7.0,3.0,3.0,10.0,14.0,,0.0,10.0,0.0,14.0
401860891,4,Rice,Fresno State,24.0,38.0,5.138066437526457,17.0,7.0,,7.0,10.0,0.0,7.0,14.0,24.0,,0.0,14.0,10.0,14.0
401860892,4,Incarnate Word,Texas State,10.0,63.0,3.1663214256551377,10.0,0.0,,7.0,3.0,0.0,0.0,42.0,21.0,,28.0,14.0,0.0,21.0
401860893,4,San Diego State,Toledo,16.0,41.0,2.9814664252481533,3.0,13.0,,3.0,0.0,6.0,7.0,17.0,24.0,,7.0,10.0,17.0,7.0
401860894,4,Troy,Utah State,10.0,21.0,5.532681023066536,10.0,0.0,,7.0,3.0,0.0,0.0,7.0,14.0,,7.0,0.0,14.0,0.0
401860895,4,Oregon State,UTEP,33.0,7.0,4.3919418362268345,20.0,13.0,,17.0,3.0,7.0,6.0,0.0,7.0,,0.0,0.0,7.0,0.0
401860896,4,Colorado State,UTSA,45.0,59.0,4.666174845628281,21.0,24.0,,14.0,7.0,14.0,10.0,35.0,24.0,,21.0,14.0,7.0,17.0
401860897,4,Boise State,Western Michigan,32.0,7.0,2.965807001384967,15.0,17.0,,8.0,7.0,10.0,7.0,0.0,7.0,,0.0,0.0,0.0,7.0
401861970,4,UConn,Miami (OH),21.0,24.0,6.891866126932857,14.0,7.0,,14.0,0.0,7.0,0.0,14.0,10.0,,0.0,14.0,7.0,3.0
401862778,4,Navy,UAB,20.0,24.0,5.7253890950266975,13.0,7.0,,0.0,13.0,7.0,0.0,17.0,7.0,,0.0,17.0,0.0,7.0
401862779,4,Army,Temple,21.0,17.0,5.4124245271611855,7.0,14.0,,7.0,0.0,7.0,7.0,7.0,10.0,,7.0,0.0,7.0,3.0
401862780,4,Louisiana,Charlotte,34.0,7.0,4.014103078124902,10.0,24.0,,3.0,7.0,7.0,17.0,7.0,0.0,,0.0,7.0,0.0,0.0
401862781,4,North Carolina Central,East Carolina,9.0,42.0,3.17240210366826,3.0,6.0,,3.0,0.0,0.0,6.0,42.0,0.0,,7.0,35.0,0.0,0.0
401862782,4,Florida Atlantic,UL Monroe,45.0,17.0,4.822148686279762,35.0,10.0,,7.0,28.0,7.0,3.0,17.0,0.0,,7.0,10.0,0.0,0.0
401862783,4,Houston Christian,North Texas,14.0,63.0,2.903250242393854,14.0,0.0,,7.0,7.0,0.0,0.0,35.0,28.0,,14.0,21.0,14.0,14.0
401862784,4,Southern Miss,Tulane,21.0,24.0,6.744854884552767,14.0,7.0,,0.0,14.0,7.0,0.0,14.0,10.0,,7.0,7.0,0.0,10.0
401862785,4,South Florida,Bowling Green,14.0,6.0,4.812591852940088,0.0,14.0,,0.0,0.0,0.0,14.0,6.0,0.0,,3.0,3.0,0.0,0.0
401864509,4,Air Force,Nevada,36.0,33.0,9.923571121258782,10.0,17.0,9.0,3.0,7.0,3.0,14.0,10.0,17.0,6.0,10.0,0.0,7.0,10.0
401864510,4,Hawai'i,Wyoming,10.0,27.0,3.3967724136281614,3.0,7.0,,3.0,0.0,0.0,7.0,13.0,14.0,,3.0,10.0,0.0,14.0
401864511,4,Northern Illinois,Georgia State,14.0,35.0,3.7497333138339326,14.0,0.0,,7.0,7.0,0.0,0.0,21.0,14.0,,7.0,14.0,14.0,0.0
401864512,4,UNLV,Akron,38.0,10.0,4.010147939482967,14.0,24.0,,7.0,7.0,17.0,7.0,10.0,0.0,,7.0,3.0,0.0,0.0
401864572,4,App State,NC State,31.0,41.0,3.85214387880401,10.0,21.0,,0.0,10.0,7.0,14.0,28.0,13.0,,14.0,14.0,3.0,10.0
401864576,4,South Alabama,Kentucky,21.0,45.0,5.369965684224936,21.0,0.0,,0.0,21.0,0.0,0.0,24.0,21.0,,7.0,17.0,7.0,14.0
401864579,4,New Mexico,New Mexico State,42.0,18.0,3.729731630773163,14.0,28.0,,14.0,0.0,21.0,7.0,3.0,15.0,,0.0,3.0,0.0,15.0
401866425,4,Ball State,Kent State,13.0,26.0,2.8336813489711803,0.0,13.0,,0.0,0.0,7.0,6.0,17.0,9.0,,7.0,10.0,0.0,9.0
401866426,4,Robert Morris,Buffalo,28.0,31.0,5.169809429434956,14.0,14.0,,7.0,7.0,0.0,14.0,14.0,17.0,,0.0,14.0,7.0,10.0
401866427,4,Lindenwood,Eastern Michigan,3.0,29.0,2.03762382971477,0.0,3.0,,0.0,0.0,3.0,0.0,19.0,10.0,,13.0,6.0,3.0,7.0
401866428,4,Stonehill,Ohio,7.0,35.0,2.54451251273959,7.0,0.0,,0.0,7.0,0.0,0.0,14.0,21.0,,7.0,7.0,14.0,7.0
401866429,4,Massachusetts,Sacramento State,35.0,6.0,3.689049415537119,21.0,14.0,,7.0,14.0,14.0,0.0,6.0,0.0,,0.0,6.0,0.0,0.0
401867909,4,Long Island University,Florida International,3.0,20.0,2.65221845606213,3.0,0.0,,0.0,3.0,0.0,0.0,14.0,6.0,,7.0,7.0,3.0,3.0
401868188,4,Gardner-Webb,Marshall,35.0,36.0,9.182577063726184,21.0,14.0,,14.0,7.0,7.0,7.0,27.0,9.0,,10.0,17.0,0.0,9.0
401869931,4,Kennesaw State,Arkansas State,14.0,17.0,5.388692542832646,7.0,7.0,,0.0,7.0,7.0,0.0,7.0,10.0,,0.0,7.0,7.0,3.0
401869941,4,Liberty,Coastal Carolina,34.0,17.0,5.786679905016679,10.0,24.0,,10.0,0.0,10.0,14.0,17.0,0.0,,3.0,14.0,0.0,0.0
401869961,4,James Madison,Old Dominion,46.0,20.0,4.817054761388346,30.0,16.0,,17.0,13.0,6.0,10.0,17.0,3.0,,7.0,10.0,0.0,3.0
401870745,4,Mercyhurst,Western Kentucky,7.0,52.0,1.642948644977,0.0,7.0,,0.0,0.0,7.0,0.0,31.0,21.0,,10.0,21.0,14.0,7.0
401871048,4,Middle Tennessee,Jacksonville State,13.0,23.0,4.013981990276698,7.0,6.0,,0.0,7.0,6.0,0.0,10.0,13.0,,3.0,7.0,10.0,3.0
401862786,5,North Texas,Tulsa,45.0,44.0,9.292048047179897,10.0,28.0,7.0,3.0,7.0,21.0,7.0,17.0,21.0,6.0,0.0,17.0,7.0,14.0
401871049,5,Western Kentucky,New Mexico State,13.0,34.0,3.3633135553155733,6.0,7.0,,3.0,3.0,7.0,0.0,20.0,14.0,,6.0,14.0,7.0,7.0
